Settlement Date,Spot Price ($/MWh),Scheduled Demand (MW),Scheduled Generation (MW),Semi Scheduled Generation (MW),Net Import (MW),Type
20/09/2022 15:50,3.73,6831.12,4498.88132,1136.13868,-1166.92,ACTUAL
20/09/2022 15:55,118.99,6910.72,4544.55565,1083.44435,-1244,ACTUAL
20/09/2022 16:00,149.98,7026.54,4782.14021,999.23979,-1209.52,ACTUAL
20/09/2022 16:05,149.98,7112.62,4961.76096,924.03904,-1192.08,ACTUAL
20/09/2022 16:10,121.12014,7213.61,5062.97145,836.60855,-1269.92,ACTUAL
20/09/2022 16:15,121.1101,7251.01,5129.7832,753.8568,-1315.96,ACTUAL
20/09/2022 16:20,121.53573,7341.59,5262.55689,757.54311,-1269.87,ACTUAL
20/09/2022 16:25,149.98,7445.15,5559.47218,655.01782,-1182.34,ACTUAL
20/09/2022 16:30,149.98,7552.8,5724.21242,616.44758,-1161.97,ACTUAL
20/09/2022 16:35,72.64008,7631.85,5583.63754,600.71246,-1383.98,ACTUAL
20/09/2022 16:40,121.12014,7681.58,5759.69933,548.28067,-1313.61,ACTUAL
20/09/2022 16:45,135.8001,7793.1,5919.87902,469.95098,-1342.42,ACTUAL
20/09/2022 16:50,200.01,7915.27,6237.55126,412.38874,-1207.99,ACTUAL
20/09/2022 16:55,149.98,7997.81,6435.90237,365.30763,-1129.17,ACTUAL
20/09/2022 17:00,265.31045,8089.91,6601.44018,355.00982,-1068.99,ACTUAL
20/09/2022 17:05,215.01012,8140.05,6683.39904,352.24096,-1033.2,ACTUAL
20/09/2022 17:10,146.71,8225.53,6726.79447,317.68553,-1100.3,ACTUAL
20/09/2022 17:15,149.98,8295.93,6859.24027,286.38973,-1070.63,ACTUAL
20/09/2022 17:20,253.73916,8428.79,7062.24162,266.83838,-1000.97,ACTUAL
20/09/2022 17:25,252.06672,8543.53,7221.19062,247.02938,-971.82,ACTUAL
20/09/2022 17:30,249.93192,8584.45,7332.09283,212.70717,-923.24,ACTUAL
20/09/2022 17:35,250.31974,8706.9,7395.88383,204.28617,-992.11,ACTUAL
20/09/2022 17:40,248.42724,8727.76,7449.39855,204.86145,-961.48,ACTUAL
20/09/2022 17:45,251.81179,8849.45,7452.44547,216.04453,-1065.08,ACTUAL
20/09/2022 17:50,260.74467,8912.05,7476.01331,210.72669,-1103,ACTUAL
20/09/2022 17:55,299.99,8963.7,7574.30865,215.61135,-1070.06,ACTUAL
20/09/2022 18:00,271.13036,9053.07,7680.03455,220.41545,-1049.23,ACTUAL
20/09/2022 18:05,275.18111,9110.46,7702.08127,212.45873,-1087.21,ACTUAL
20/09/2022 18:10,270.80999,9171.43,7719.35957,245.32043,-1096.93,ACTUAL
20/09/2022 18:15,359.11451,9255.66,7780.87137,280.21863,-1083.75,ACTUAL
20/09/2022 18:20,385.24671,9305.8,7873.46016,286.15984,-1048.7,ACTUAL
20/09/2022 18:25,261.67035,9345.45,7779.95963,314.69037,-1137.35,ACTUAL
20/09/2022 18:30,299.99,9351.25,7736.65246,347.87754,-1174.1,ACTUAL
20/09/2022 18:35,299.99,9344.06,7722.52325,372.46675,-1139.03,ACTUAL
20/09/2022 18:40,279.02934,9360.17,7843.65263,409.30737,-1017.48,ACTUAL
20/09/2022 18:45,273.96056,9398.03,7843.70612,429.97388,-1041.36,ACTUAL
20/09/2022 18:50,253.79451,9382.23,7843.63025,472.43975,-981.76,ACTUAL
20/09/2022 18:55,249.87079,9374.11,7867.60335,517.84665,-903.2,ACTUAL
20/09/2022 19:00,250.55954,9303.79,7843.99647,545.47353,-843.19,ACTUAL
20/09/2022 19:05,248.82185,9263.04,7723.65899,561.79101,-887.75,ACTUAL
20/09/2022 19:10,243.47067,9199.38,7723.65312,578.22688,-799.83,ACTUAL
20/09/2022 19:15,242.77527,9170.91,7732.50715,602.34285,-741.4,ACTUAL
20/09/2022 19:20,238.16151,9129.32,7723.61026,606.78974,-713.41,ACTUAL
20/09/2022 19:25,238.41541,9070.98,7723.56254,618.22746,-644.51,ACTUAL
20/09/2022 19:30,238.74387,9056.62,7723.63703,629.41297,-616.73,ACTUAL
20/09/2022 19:35,187.41824,9010.17,7697.99253,652.42747,-601.38,ACTUAL
20/09/2022 19:40,184.46254,8947.59,7671.52209,677.57791,-549.88,ACTUAL
20/09/2022 19:45,231.0221,8969.36,7624.94237,673.28763,-617.67,ACTUAL
20/09/2022 19:50,178.67332,8906.57,7613.62807,676.57193,-570.72,ACTUAL
20/09/2022 19:55,176.9441,8854.51,7612.00268,710.51732,-485,ACTUAL
20/09/2022 20:00,168.68523,8859.95,7601.33384,739.92616,-482.31,ACTUAL
20/09/2022 20:05,229.09514,8859.35,7632.50243,765.85757,-393.94,ACTUAL
20/09/2022 20:10,171.07601,8782.8,7596.67786,782.05214,-359.95,ACTUAL
20/09/2022 20:15,171.13552,8771.09,7580.13631,782.78369,-362.4,ACTUAL
20/09/2022 20:20,168.69329,8755.12,7507.52409,789.75591,-413.53,ACTUAL
20/09/2022 20:25,165.76446,8708.19,7504.44871,782.51129,-392.19,ACTUAL
20/09/2022 20:30,162.99015,8672.29,7447.98527,786.24473,-407.32,ACTUAL
20/09/2022 20:35,164.75359,8696.34,7392.5071,792.5529,-488.56,ACTUAL
20/09/2022 20:40,162.00035,8640.09,7363.57087,783.25913,-470.92,ACTUAL
20/09/2022 20:45,262.19136,8613.1,7350.54083,795.68917,-433.75,ACTUAL
20/09/2022 20:50,256.5398,8584.77,7305.16624,791.12376,-462.25,ACTUAL
20/09/2022 20:55,221.85332,8554.53,7237.98706,801.73294,-482.06,ACTUAL
20/09/2022 21:00,166.64595,8445.59,7145.6071,820.3229,-453.99,ACTUAL
20/09/2022 21:05,181.98221,8449.52,7154.2744,813.8156,-457.36,ACTUAL
20/09/2022 21:10,190.20027,8440.68,7137.51538,825.01462,-457.78,ACTUAL
20/09/2022 21:15,166.13027,8351.98,7098.98025,852.35975,-385.49,ACTUAL
20/09/2022 21:20,170.57027,8380.49,7115.1032,858.9368,-395.14,ACTUAL
20/09/2022 21:25,146.71,8341.17,6989.2978,864.3822,-480.8,ACTUAL
20/09/2022 21:30,149.98,8222.97,6924.52413,875.19587,-421.43,ACTUAL
20/09/2022 21:35,149.98,8177.77,6966.96791,864.70209,-343.13,ACTUAL
20/09/2022 21:40,152.13402,8159.74,6936.07026,860.02974,-358.12,ACTUAL
20/09/2022 21:45,149.98,8140.29,6876.19715,864.98285,-389.39,ACTUAL
20/09/2022 21:50,149.98,8100.79,6841.26369,852.79631,-395.73,ACTUAL
20/09/2022 21:55,146.71,8071.05,6727.86666,851.95334,-478.45,ACTUAL
20/09/2022 22:00,149.98,8060.8,6666.94777,857.83223,-526.98,ACTUAL
20/09/2022 22:05,149.98,8105.28,6723.76744,860.56256,-509.44,ACTUAL
20/09/2022 22:10,149.98,8139.24,6768.77489,867.50511,-480.26,ACTUAL
20/09/2022 22:15,162.98977,8099.2,6752.55075,859.46925,-470.35,ACTUAL
20/09/2022 22:20,149.98,8032.04,6605.58218,866.24782,-538.74,ACTUAL
20/09/2022 22:25,149.98,8025.04,6468.89821,874.85179,-661.61,ACTUAL
20/09/2022 22:30,149.98,7954.9,6295.39228,867.35772,-757.51,ACTUAL
20/09/2022 22:35,149.98,7923.67,6104.82117,887.57883,-893.94,ACTUAL
20/09/2022 22:40,149.98,7898.03,6078.95778,909.69222,-862.17,ACTUAL
20/09/2022 22:45,149.98,7840.54,5983.47924,925.02076,-886.12,ACTUAL
20/09/2022 22:50,148.99,7802.57,5886.8649,915.3751,-949.38,ACTUAL
20/09/2022 22:55,148.99,7789.7,5862.27966,904.99034,-973.54,ACTUAL
20/09/2022 23:00,121.12014,7749.62,5762.56949,908.97051,-1023.51,ACTUAL
20/09/2022 23:05,149.98,7808.8,5820.54455,906.53545,-1040.25,ACTUAL
20/09/2022 23:10,149.98,7806.04,5937.09882,918.73118,-913.23,ACTUAL
20/09/2022 23:15,149.98,7831.97,5993.28321,909.06679,-890.18,ACTUAL
20/09/2022 23:20,148.99,7772.67,5855.02617,915.65383,-950.24,ACTUAL
20/09/2022 23:25,148.99,7759.09,5749.79423,900.46577,-1044.63,ACTUAL
20/09/2022 23:30,149.98,7707.55,5812.41716,894.03284,-951.59,ACTUAL
20/09/2022 23:35,162.00014,7756.34,5912.85506,872.19494,-934.08,ACTUAL
20/09/2022 23:40,149.98,7748.8,5809.15461,854.78539,-1035.69,ACTUAL
20/09/2022 23:45,149.98,7710.83,5804.66738,841.69262,-1011.56,ACTUAL
20/09/2022 23:50,149.98,7690.56,5749.51388,828.29612,-1056.75,ACTUAL
20/09/2022 23:55,149.98,7667.57,5659.1939,822.5461,-1127.86,ACTUAL
21/09/2022 00:00,149.98,7593.78,5574.33866,814.39134,-1141.92,ACTUAL
21/09/2022 00:05,149.98,7584.88,5553.95117,817.90883,-1152,ACTUAL
21/09/2022 00:10,149.98,7544.34,5582.56008,815.70992,-1084.52,ACTUAL
21/09/2022 00:15,149.98,7596.53,5561.98045,815.47955,-1157.62,ACTUAL
21/09/2022 00:20,149.98,7511.96,5458.58497,815.81503,-1175.8,ACTUAL
21/09/2022 00:25,149.98,7504.92,5387.43715,830.04285,-1226.96,ACTUAL
21/09/2022 00:30,149.98,7503.56,5411.91029,831.81971,-1200.35,ACTUAL
21/09/2022 00:35,149.98,7491.02,5370.5039,818.8961,-1243,ACTUAL
21/09/2022 00:40,149.98,7478.14,5356.25512,813.91488,-1249.46,ACTUAL
21/09/2022 00:45,149.98,7387.79,5336.06328,808.01672,-1186.82,ACTUAL
21/09/2022 00:50,149.98,7396.85,5295.63548,820.92452,-1218.89,ACTUAL
21/09/2022 00:55,149.98,7392.64,5191.41068,807.10932,-1324.5,ACTUAL
21/09/2022 01:00,149.98,7425.39,5225.97636,799.46364,-1330.78,ACTUAL
21/09/2022 01:05,200,7377.24,5319.98186,786.61814,-1215.58,ACTUAL
21/09/2022 01:10,200,7250.8,5303.30363,793.82637,-1108.9,ACTUAL
21/09/2022 01:15,162.00014,7237.36,5313.6729,788.9971,-1092.29,ACTUAL
21/09/2022 01:20,149.98,7267.73,5233.78704,790.34296,-1196.39,ACTUAL
21/09/2022 01:25,149.98,7159.3,5147.8142,800.9658,-1166.1,ACTUAL
21/09/2022 01:30,149.98,7144.51,5156.24852,794.01148,-1148.98,ACTUAL
21/09/2022 01:35,200,7112.85,5082.65203,786.90797,-1193.76,ACTUAL
21/09/2022 01:40,200,7091.53,5035.90372,784.23628,-1219.99,ACTUAL
21/09/2022 01:45,149.98,7037.25,4885.77465,779.50535,-1314.5,ACTUAL
21/09/2022 01:50,162.00014,6991.66,4838.27953,818.65047,-1275.22,ACTUAL
21/09/2022 01:55,149.98,6955.89,4743.79823,849.85177,-1301.34,ACTUAL
21/09/2022 02:00,146.71,6900.15,4610.70976,876.95024,-1346.76,ACTUAL
21/09/2022 02:05,149.98,6875.69,4586.18245,884.51755,-1342.33,ACTUAL
21/09/2022 02:10,143.17318,6816.22,4473.12484,894.69516,-1382.97,ACTUAL
21/09/2022 02:15,149.98,6768.34,4434.60862,905.33138,-1361.24,ACTUAL
21/09/2022 02:20,149.98,6744.44,4409.66354,904.39646,-1360.71,ACTUAL
21/09/2022 02:25,128,6719.28,4386.14426,909.55574,-1353.21,ACTUAL
21/09/2022 02:30,93.69265,6652.94,4330.69111,919.87889,-1338.02,ACTUAL
21/09/2022 02:35,121.12014,6640.51,4260.92971,919.16029,-1389.41,ACTUAL
21/09/2022 02:40,120.73014,6562.6,4222.86547,924.75453,-1343.52,ACTUAL
21/09/2022 02:45,138.47964,6593.4,4306.02735,919.75265,-1297.1,ACTUAL
21/09/2022 02:50,117.18152,6560.15,4217.05113,948.04887,-1319.75,ACTUAL
21/09/2022 02:55,97.68085,6534.72,4138.07727,965.22273,-1354,ACTUAL
21/09/2022 03:00,115,6550.06,4187.70982,958.27018,-1326.24,ACTUAL
21/09/2022 03:05,97.00062,6517.88,4131.09987,964.72013,-1343.33,ACTUAL
21/09/2022 03:10,97.71206,6495.57,4089.08327,964.12673,-1361.63,ACTUAL
21/09/2022 03:15,97.71624,6437.07,4047.02194,956.82806,-1354.09,ACTUAL
21/09/2022 03:20,97.0328,6409.46,4047.05175,953.57825,-1329.41,ACTUAL
21/09/2022 03:25,75,6422.04,4043.06584,940.40416,-1348.11,ACTUAL
21/09/2022 03:30,75,6420.5,4031.18707,955.33293,-1348.96,ACTUAL
21/09/2022 03:35,76.32211,6478.6,4043.66222,955.21778,-1386.94,ACTUAL
21/09/2022 03:40,31.31695,6439.86,4025.79435,979.59565,-1337.23,ACTUAL
21/09/2022 03:45,31.32028,6400.66,4018.40372,984.28628,-1304.49,ACTUAL
21/09/2022 03:50,31.55591,6417.82,4003.70964,988.53036,-1332.75,ACTUAL
21/09/2022 03:55,62.63788,6367.28,3987.93456,991.39544,-1295.51,ACTUAL
21/09/2022 04:00,31.33684,6387.32,3975.44891,1003.09109,-1316.23,ACTUAL
21/09/2022 04:05,31.52202,6434.66,4081.64047,1014.65953,-1263.53,ACTUAL
21/09/2022 04:10,30.95201,6422.15,4056.57084,999.90916,-1282.57,ACTUAL
21/09/2022 04:15,31.11301,6374.52,4035.26638,1002.80362,-1251.57,ACTUAL
21/09/2022 04:20,53.96366,6394.9,4020.57119,1015.61881,-1276.42,ACTUAL
21/09/2022 04:25,47.66651,6392.51,4007.58729,1017.68271,-1282.25,ACTUAL
21/09/2022 04:30,75.0003,6353.65,3998.10312,1004.45688,-1266.45,ACTUAL
21/09/2022 04:35,117.12,6418.62,4016.62973,1002.00027,-1312.91,ACTUAL
21/09/2022 04:40,30.91145,6414.95,3995.88702,1008.72298,-1318.78,ACTUAL
21/09/2022 04:45,75.0003,6427.46,4009.88462,1000.85538,-1323.61,ACTUAL
21/09/2022 04:50,116.47,6473.25,4041.81406,1021.99594,-1319.72,ACTUAL
21/09/2022 04:55,118.99005,6492.2,4101.83123,1020.57877,-1278.04,ACTUAL
21/09/2022 05:00,121.12014,6551.27,4243.53514,1007.90486,-1212.17,ACTUAL
21/09/2022 05:05,118.99,6646.34,4255.15727,995.80273,-1307.54,ACTUAL
21/09/2022 05:10,121.11,6688.15,4322.08413,987.41587,-1297.98,ACTUAL
21/09/2022 05:15,121.12014,6687.6,4372.80288,1003.13712,-1238.12,ACTUAL
21/09/2022 05:20,121.12014,6762.9,4456.69653,1001.85347,-1232.58,ACTUAL
21/09/2022 05:25,121.12014,6763.85,4493.6702,1003.9198,-1196.26,ACTUAL
21/09/2022 05:30,121.12014,6777.36,4546.18628,1016.74372,-1149.15,ACTUAL
21/09/2022 05:35,121.11,6858.92,4647.98868,997.20132,-1146.41,ACTUAL
21/09/2022 05:40,120.45995,6948.24,4683.92272,1039.45728,-1159.49,ACTUAL
21/09/2022 05:45,121.12014,7054.49,4782.8953,1071.5347,-1138.83,ACTUAL
21/09/2022 05:50,121.11,7019.32,4835.48926,1088.62074,-1047.47,ACTUAL
21/09/2022 05:55,121.12014,7083.1,4919.85771,1107.23229,-1011.5,ACTUAL
21/09/2022 06:00,121.12014,7152.77,5057.30194,1133.74806,-926.55,ACTUAL
21/09/2022 06:05,121.12014,7277.78,5093.43091,1168.30909,-971.38,ACTUAL
21/09/2022 06:10,148.99,7313.11,5273.68873,1186.06127,-823.41,ACTUAL
21/09/2022 06:15,149.98,7356.97,5444.18865,1173.93135,-715.87,ACTUAL
21/09/2022 06:20,149.98,7488.81,5498.20927,1154.01073,-812.63,ACTUAL
21/09/2022 06:25,149.99,7550.81,5727.93037,1149.71963,-658.35,ACTUAL
21/09/2022 06:30,149.99,7618.92,5799.15846,1110.51154,-693.05,ACTUAL
21/09/2022 06:35,149.99,7716.35,5955.34235,1073.99765,-675.19,ACTUAL
21/09/2022 06:40,200.01,7818.76,6059.15848,1036.74152,-709.76,ACTUAL
21/09/2022 06:45,162.00014,7882.4,6084.18515,1028.92485,-755.82,ACTUAL
21/09/2022 06:50,149.99,7870.6,6034.58385,1043.48615,-782.46,ACTUAL
21/09/2022 06:55,171.35159,7971.07,6143.63121,1063.58879,-755.08,ACTUAL
21/09/2022 07:00,163.05505,7968.41,6182.67976,1072.89024,-705.97,ACTUAL
21/09/2022 07:05,130.7355,7997.29,5856.05586,1108.90414,-1011.52,ACTUAL
21/09/2022 07:10,170.91285,7994.66,5707.20105,1056.49895,-1194.82,ACTUAL
21/09/2022 07:15,170.6393,7929.17,5660.33947,1044.21053,-1189.13,ACTUAL
21/09/2022 07:20,168.98244,7940.56,5591.95127,1030.94873,-1281.04,ACTUAL
21/09/2022 07:25,223.68363,8029.11,5536.19577,1018.21423,-1429.81,ACTUAL
21/09/2022 07:30,219,8023.26,5510.01672,995.84328,-1470.43,ACTUAL
21/09/2022 07:35,219,8039.86,5478.36253,983.13747,-1525.84,ACTUAL
21/09/2022 07:40,219,8109.43,5529.57399,1023.13601,-1507.48,ACTUAL
21/09/2022 07:45,192.80206,8030.9,5446.70078,1045.72922,-1489.61,ACTUAL
21/09/2022 07:50,214.61751,8023.88,5474.29827,1044.08173,-1458.25,ACTUAL
21/09/2022 07:55,218.44415,8006.69,5472.80308,1015.85692,-1468.72,ACTUAL
21/09/2022 08:00,217.70544,8004.81,5474.89036,1000.94964,-1470.93,ACTUAL
21/09/2022 08:05,218.38212,8016.1,5498.64829,1015.45171,-1447.52,ACTUAL
21/09/2022 08:10,218.1314,8017.82,5528.82117,1006.10883,-1429.74,ACTUAL
21/09/2022 08:15,192.81171,7978.15,5552.00059,1041.65941,-1334.78,ACTUAL
21/09/2022 08:20,159.35457,7908,5512.70127,1085.78873,-1262.23,ACTUAL
21/09/2022 08:25,162.96,7888.26,5541.825,1080.625,-1220.59,ACTUAL
21/09/2022 08:30,156.46071,7845.98,5513.23127,1047.90873,-1234.56,ACTUAL
21/09/2022 08:35,162.00014,7842.55,5474.77277,1023.15723,-1290.94,ACTUAL
21/09/2022 08:40,186.95996,7818.22,5473.30351,1028.97649,-1258.38,ACTUAL
21/09/2022 08:45,188.23176,7679.18,5471.15007,1033.56993,-1130.18,ACTUAL
21/09/2022 08:50,162.96,7620.04,5443.64344,1082.12656,-1069.48,ACTUAL
21/09/2022 08:55,192.98,7624.9,5449.74534,1041.09466,-1107.73,ACTUAL
21/09/2022 09:00,158.01014,7588.37,5344.34589,1048.72411,-1164.32,ACTUAL
21/09/2022 09:05,211.16718,7639.12,5346.13324,1038.33676,-1220.77,ACTUAL
21/09/2022 09:10,201.97023,7643.33,5320.08813,1049.59187,-1238.42,ACTUAL
21/09/2022 09:15,161.65781,7652.81,5242.34022,1067.05978,-1302.67,ACTUAL
21/09/2022 09:20,160.15696,7541.8,5189.79502,1049.58498,-1263.06,ACTUAL
21/09/2022 09:25,163.16015,7605.67,5214.79293,1041.09707,-1308.54,ACTUAL
21/09/2022 09:30,175.70075,7544.56,5236.99847,1039.18153,-1235.16,ACTUAL
21/09/2022 09:35,215.28261,7523.89,5183.59262,1033.54738,-1270.41,ACTUAL
21/09/2022 09:40,211.32757,7477.15,5155.28276,1057.25724,-1229.83,ACTUAL
21/09/2022 09:45,183.89314,7486.37,5115.30595,1056.82405,-1274.51,ACTUAL
21/09/2022 09:50,179.35227,7454.21,5098.23918,1050.12082,-1268.3,ACTUAL
21/09/2022 09:55,160.07796,7345.74,5057.72301,1046.73699,-1206.1,ACTUAL
21/09/2022 10:00,158.72938,7299.15,5035.9983,1064.0317,-1164.79,ACTUAL
21/09/2022 10:05,160.46201,7318.09,5000.79669,1055.09331,-1220.89,ACTUAL
21/09/2022 10:10,160.41605,7227.48,4988.27956,1054.97044,-1150.62,ACTUAL
21/09/2022 10:15,159.12904,7182.65,4970.51596,1055.80404,-1123.98,ACTUAL
21/09/2022 10:20,160.59073,7127.23,4927.8867,1039.5133,-1129,ACTUAL
21/09/2022 10:25,162.00014,7140.23,4943.02936,1015.75064,-1150.04,ACTUAL
21/09/2022 10:30,159.38837,7083.92,4951.65002,1032.79998,-1071,ACTUAL
21/09/2022 10:35,195.77384,7109.13,4953.21154,1010.75846,-1116.05,ACTUAL
21/09/2022 10:40,198.1,7090.73,4930.28862,990.34138,-1139.73,ACTUAL
21/09/2022 10:45,163.53427,7132.16,4937.06914,993.35086,-1170.13,ACTUAL
21/09/2022 10:50,165.63603,7249.99,4937.00182,971.91818,-1300.23,ACTUAL
21/09/2022 10:55,163.83571,7238.52,4939.67155,963.80845,-1295.04,ACTUAL
21/09/2022 11:00,165.95188,7242.44,4938.10972,981.52028,-1283.22,ACTUAL
21/09/2022 11:05,221.0712,7311.31,5050.93108,897.78892,-1320.5,ACTUAL
21/09/2022 11:10,219,7335.67,5066.7462,879.7038,-1336.34,ACTUAL
21/09/2022 11:15,211.02599,7326.93,5029.49955,852.34045,-1395.05,ACTUAL
21/09/2022 11:20,201.97,7296.88,5019.37846,868.60154,-1358.88,ACTUAL
21/09/2022 11:25,176.12511,7267.26,5028.63498,878.17502,-1313.61,ACTUAL
21/09/2022 11:30,170.29802,7234.07,5039.46609,872.25391,-1278.05,ACTUAL
21/09/2022 11:35,299.99,7247.55,5215.37838,887.67162,-1107.97,ACTUAL
21/09/2022 11:40,219,7239.97,5250.86982,876.60018,-1083.32,ACTUAL
21/09/2022 11:45,219.58853,7268.21,5285.88519,924.14481,-1029.66,ACTUAL
21/09/2022 11:50,219,7251.99,5277.72844,908.36156,-1037.8,ACTUAL
21/09/2022 11:55,219,7282.64,5327.90023,939.87977,-989.74,ACTUAL
21/09/2022 12:00,226.5279,7340.66,5397.72301,914.04699,-1004.3,ACTUAL
21/09/2022 12:05,299.99,7338.4,5406.32123,908.25877,-1000.54,ACTUAL
21/09/2022 12:10,219,7353.87,5491.40832,897.85168,-944.58,ACTUAL
21/09/2022 12:15,299.99,7393.99,5594.16454,891.85546,-890,ACTUAL
21/09/2022 12:20,216.38473,7382.59,5509.44839,948.99161,-904.65,ACTUAL
21/09/2022 12:25,219,7407.91,5502.45042,940.06958,-941.49,ACTUAL
21/09/2022 12:30,251.33383,7432.68,5569.53363,929.55637,-908.43,ACTUAL
21/09/2022 12:35,299.99,7445.78,5519.19627,862.16373,-1031.21,ACTUAL
21/09/2022 12:40,225.36855,7486.61,5660.56989,806.22011,-986.23,ACTUAL
21/09/2022 12:45,223.38,7461.64,5709.95681,803.44319,-920.01,ACTUAL
21/09/2022 12:50,223.25,7462.51,5758.76072,803.95928,-874.33,ACTUAL
21/09/2022 12:55,219,7468.79,5761.72512,864.92488,-823.36,ACTUAL
21/09/2022 13:00,219,7490.5,5638.22721,875.12279,-950.06,ACTUAL
21/09/2022 13:05,299.99,7462.39,5898.09491,830.71509,-720.22,ACTUAL
21/09/2022 13:10,201.97,7548.78,6070.10142,794.97858,-674.53,ACTUAL
21/09/2022 13:15,200,7603.93,5952.77691,799.66309,-836.27,ACTUAL
21/09/2022 13:20,299.99,7621.67,6187.23799,784.69201,-642.36,ACTUAL
21/09/2022 13:25,299.99,7656.59,6324.27113,789.67887,-536.91,ACTUAL
21/09/2022 13:30,299.99,7695.78,6437.26268,786.41732,-466.75,ACTUAL
21/09/2022 13:35,280.20517,7679.9,6121.78293,803.15707,-745.1,ACTUAL
21/09/2022 13:40,221.22761,7769.39,6103.84074,809.78926,-841.59,ACTUAL
21/09/2022 13:45,223.96008,7748.33,6065.49407,844.95593,-824.44,ACTUAL
21/09/2022 13:50,212.56338,7795.26,6039.65987,828.12013,-911.11,ACTUAL
21/09/2022 13:55,224.03251,7840.31,6114.87226,794.61774,-913.5,ACTUAL
21/09/2022 14:00,225.56283,7837.38,6131.41653,761.62347,-926.47,ACTUAL
21/09/2022 14:05,223.86791,7842.45,6187.62448,702.38552,-934.5,ACTUAL
21/09/2022 14:10,299.99,7919.57,6341.26295,697.12705,-867.26,ACTUAL
21/09/2022 14:15,210.66932,7931.66,6337.39798,732.03202,-849.09,ACTUAL
21/09/2022 14:20,299.99,7945.45,6476.65848,665.70152,-792.71,ACTUAL
21/09/2022 14:25,226.52894,7955.37,6441.71575,581.28425,-917.61,ACTUAL
21/09/2022 14:30,250.32,7975.2,6468.10285,631.28715,-863.41,ACTUAL
21/09/2022 14:35,277.04887,7963.12,6452.64372,667.83628,-830.47,ACTUAL
21/09/2022 14:40,219,7999.35,6407.266,717.234,-861.28,ACTUAL
21/09/2022 14:45,191.81603,8001.87,6307.57338,905.45662,-779.79,ACTUAL
21/09/2022 14:50,208.67196,8012.47,6305.57151,895.34849,-801.65,ACTUAL
21/09/2022 14:55,204.61919,8020.59,6368.18402,949.44598,-696.45,ACTUAL
21/09/2022 15:00,202.38982,8084.12,6409.25132,1107.16868,-564.66,ACTUAL
21/09/2022 15:05,164.89809,8084.19,6451.79911,995.94089,-630.57,ACTUAL
21/09/2022 15:10,182.75838,8136.68,6518.69389,1054.86611,-559.6,ACTUAL
21/09/2022 15:15,162.00014,8154.98,6518.64428,974.80572,-656.45,ACTUAL
21/09/2022 15:20,163.53923,8236.8,6525.55616,956.34384,-747.1,ACTUAL
21/09/2022 15:25,170.18437,8213.1,6568.20347,985.71653,-654.01,ACTUAL
21/09/2022 15:30,204.08072,8233.1,6603.8801,1034.2299,-591.63,ACTUAL
21/09/2022 15:35,157.9055,8264.28,6545.7656,967.0544,-743.93,ACTUAL
21/09/2022 15:40,162.00031,8344.92,6548.36581,984.22419,-802.05,ACTUAL
21/09/2022 15:45,162.00031,8344.03,6524.07563,1031.04437,-779.7,ACTUAL
21/09/2022 16:00,162.00031,8279.74,6591.34499,937.45501,-741.2,FORECAST
21/09/2022 16:30,233.38228,8460.95,7137.61399,891.56601,-422.67,FORECAST
21/09/2022 17:00,204.74283,8723.75,7177.62199,880.74801,-659.96,FORECAST
21/09/2022 17:30,199.68421,8927.77,7351.17799,884.64201,-684.56,FORECAST
21/09/2022 18:00,217.42966,9125.62,7785.99699,901.79301,-430.63,FORECAST
21/09/2022 18:30,219,9304.5,7915.939,943.231,-431.73,FORECAST
21/09/2022 19:00,219,9274.98,7971.978,980.192,-316.58,FORECAST
21/09/2022 19:30,207.04495,9052.77,7656.976,1009.814,-385.36,FORECAST
21/09/2022 20:00,197.34964,8834.16,7358.996,1035.684,-440.35,FORECAST
21/09/2022 20:30,193.70589,8668.8,7259.005,1055.135,-356.35,FORECAST
21/09/2022 21:00,167.60899,8499.02,7065.997,1061.183,-372,FORECAST
21/09/2022 21:30,162.00014,8300.04,6758.355,1067.405,-472.68,FORECAST
21/09/2022 22:00,161.49895,8130.47,6547.999,1081.131,-493.41,FORECAST
21/09/2022 22:30,162.00014,8042.41,6626.994,1082.746,-326.57,FORECAST
21/09/2022 23:00,162.95994,7906.13,6628.727,1085.363,-184.57,FORECAST
21/09/2022 23:30,162.00014,7730.09,6528.782,1082.688,-112.81,FORECAST
22/09/2022 00:00,162.00014,7561.73,6367.42,1078.54,-103.07,FORECAST
22/09/2022 00:30,219,7323.62,6459.146,1076.704,217.56,FORECAST
22/09/2022 01:00,190.73193,7113.3,6168.003,1065.697,124.58,FORECAST
22/09/2022 01:30,162.00014,6845.61,5774.526,1055.314,-12.39,FORECAST
22/09/2022 02:00,162.00014,6676.68,5441.724,1041.496,-190.73,FORECAST
22/09/2022 02:30,162.00014,6476.09,5134.023,1034.147,-305.08,FORECAST
22/09/2022 03:00,151.94028,6319.38,4942.001,1030.579,-342.37,FORECAST
22/09/2022 03:30,147.96088,6175.31,4866.997,1016.493,-284.84,FORECAST
22/09/2022 04:00,139.16121,6080.71,4857.004,1000.026,-215.99,FORECAST
22/09/2022 04:30,94.22925,6005.27,4817.003,999.267,-186.17,FORECAST
22/09/2022 05:00,116.11,5981.54,4789.592,927.068,-261.57,FORECAST
22/09/2022 05:30,115,6019.46,4756.719,894.931,-359.16,FORECAST
22/09/2022 06:00,115,5993.49,4625.471,885.729,-469.26,FORECAST
22/09/2022 06:30,115,6134.75,4792.26399,860.61601,-466.25,FORECAST
22/09/2022 07:00,115,6262.27,4683.34499,990.51501,-564.61,FORECAST
22/09/2022 07:30,99.3,6358.05,4644.95199,1271.26801,-416,FORECAST
22/09/2022 08:00,75,6562.02,4524.11799,1556.59201,-444.39,FORECAST
22/09/2022 08:30,68.0634,6752.66,4437.00099,1741.29901,-554.06,FORECAST
22/09/2022 09:00,37.26286,6865.06,4437.00199,1937.12801,-483.99,FORECAST
22/09/2022 09:30,47.54624,6982.06,4437.00199,2081.11801,-448.42,FORECAST
22/09/2022 10:00,28.76547,6970.56,4437.00299,2181.91701,-330.91,FORECAST
22/09/2022 10:30,10.29061,6862.42,4386.99799,2194.88201,-262.79,FORECAST
22/09/2022 11:00,9.78464,6744.71,4387.0034,2150.7066,-199.77,FORECAST
22/09/2022 11:30,0.02176,6676.58,4387.0001,2103.3599,-181.02,FORECAST
22/09/2022 12:00,0.00006,6572.15,4295.30312,2043.89688,-223.42,FORECAST
22/09/2022 12:30,0,6503.76,4271.14779,1958.32221,-258.78,FORECAST
22/09/2022 13:00,0,6477.1,4271.15561,1881.89439,-310.28,FORECAST
22/09/2022 13:30,0,6466.22,4279.53485,1841.44515,-326.09,FORECAST
22/09/2022 14:00,0.62783,6429.23,4266.99999,1780.07001,-363.22,FORECAST
22/09/2022 14:30,10.09794,6463.72,4256.99699,1689.02301,-497.94,FORECAST
22/09/2022 15:00,18.59938,6630.44,4317.00399,1587.28601,-677.19,FORECAST
22/09/2022 15:30,93.28253,6856.11,4456.99999,1482.06001,-868.06,FORECAST
22/09/2022 16:00,89.99,7194,5011.62099,1346.58901,-809.32,FORECAST
22/09/2022 16:30,115,7583.02,5486.83099,1165.95901,-904.71,FORECAST
22/09/2022 17:00,148.99,7984.59,6206.81199,947.13801,-814.48,FORECAST
22/09/2022 17:30,162,8332.88,6798.30099,718.65901,-801.78,FORECAST
22/09/2022 18:00,292.36089,8691.87,7329.00199,539.66801,-810.36,FORECAST
22/09/2022 18:30,299.99,8928.4,7906.59099,522.90901,-494.79,FORECAST
22/09/2022 19:00,299.99,8974.02,8060.583,548.187,-360.46,FORECAST
22/09/2022 19:30,273.77524,8753.86,8248.251,546.429,49.47,FORECAST
22/09/2022 20:00,276.35067,8506.82,7810.592,546.328,-148.26,FORECAST
22/09/2022 20:30,277.40109,8360.66,7645.167,542.843,-172.34,FORECAST
22/09/2022 21:00,220.71947,8221.07,7419.002,542.388,-260.15,FORECAST
22/09/2022 21:30,201.9699,8063.81,7209.868,541.802,-312.43,FORECAST
22/09/2022 22:00,201.97,7938.6,6988.145,550.575,-399.13,FORECAST
22/09/2022 22:30,201.97,7882.73,7053.959,522.841,-304.84,FORECAST
22/09/2022 23:00,200.2198,7769.41,6919.002,511.598,-338.01,FORECAST
22/09/2022 23:30,201.97,7696.37,6963.476,487.954,-244.57,FORECAST
23/09/2022 00:00,201.05493,7636,6773.998,477.072,-383.57,FORECAST
23/09/2022 00:30,264.34533,7583.99,7152.004,480.366,52.95,FORECAST
23/09/2022 01:00,223.96,7447.89,6988.074,452.886,0.31,FORECAST
23/09/2022 01:30,223.75,7246.11,6692.902,444.208,-100.56,FORECAST
23/09/2022 02:00,219,7026.34,6306.813,437.967,-270.35,FORECAST
23/09/2022 02:30,219,6764.67,6011.839,430.461,-310.86,FORECAST
23/09/2022 03:00,218.58,6570.35,5751.202,418.658,-387.09,FORECAST
23/09/2022 03:30,215.27175,6416.78,5617,404.41,-383.6,FORECAST
23/09/2022 04:00,196.96878,6374.87,5617.002,392.388,-354.39,FORECAST